{"sections":{"32f680b0-2beb-46af-91e4-e995873237a1":{"type":"home-image-with-text-overlay","settings":{"image":"shopify:\/\/shop_images\/pexels-adam-tumidajewicz-3092623_1_1d7c2ac5-27c8-4c99-a81b-8e1a32ee470b.png","image_height_desktop":"original","image_height_mobile":"original","title":"Blaaaaog","caption":"<p>Welcome to our \"Baalog\". Here you'll find stories and insights on how we craft wool pillows, our creating philosophy, and more. <\/p>","overlay_opacity":60,"overlay_color":"#000000","overlay_text_color":"#ffffff","button_text":"","button_link":""}},"main":{"type":"template-blog","settings":{"layout":"slider","show_rss_icon":false,"show_tags":false,"show_share_buttons":false,"show_featured_image":true,"show_author":false,"show_comment_count":false}}},"order":["32f680b0-2beb-46af-91e4-e995873237a1","main"]}