{"sections":{"main":{"type":"template-page","settings":{}},"16619782192136ac47":{"type":"home-alternating-content","blocks":{"118fc7e5-a731-42fe-aae6-2c984b50b691":{"type":"image","settings":{"media_alignment":"left","title":"natural","caption":"Employ up to three alternating features with an option to align images or videos to the left\/right and include a call to action below.","button_text":"","button_link":""}},"1661978219617de8e2-1":{"type":"video","settings":{"media_alignment":"right","title":"Biodegradable","caption":"Wool will return to the earth unlike synthetic materials.","button_text":"","button_link":"","video_url":"https:\/\/www.youtube.com\/watch?v=_9VUPq3SxOc"}},"1661978219617de8e2-2":{"type":"image","settings":{"media_alignment":"left","title":"breathable","caption":"Wool is breathable.","button_text":"","button_link":"","image":"shopify:\/\/shop_images\/sheeps-wool-texture.jpg"}}},"block_order":["118fc7e5-a731-42fe-aae6-2c984b50b691","1661978219617de8e2-1","1661978219617de8e2-2"],"settings":{"style":"default-style","title":"","show_borders":false}},"16619793918a30b3ae":{"type":"home-text","blocks":{"1661979391835a3d9e-0":{"type":"rich_text","settings":{"title":"Our pillows","content":"<p>Use this section to welcome customers to your store, say a bit about your brand, or share news and seasonal promotions.<\/p>"}}},"block_order":["1661979391835a3d9e-0"],"settings":{"style":"default-style","show_borders":false}},"1661978782bd87d247":{"type":"home-text-columns-with-images","blocks":{"1661978782cd746030-0":{"type":"text_column","settings":{"title":"Natural","caption":"<p>Display up to six features with an option to toggle images on or off, and add unique calls to action.<\/p>","button_text":"","button_link":"","image":"shopify:\/\/shop_images\/sheep-on-a-grassy-hillside.jpg"}},"1661978782cd746030-1":{"type":"text_column","settings":{"title":"Biodegradable","caption":"<p>Display up to six features with an option to toggle images on or off, and add unique calls to action.<\/p>","button_text":"","button_link":"","image":"shopify:\/\/shop_images\/farm-sheep-resting.jpg"}},"1661978782cd746030-2":{"type":"text_column","settings":{"title":"breathable","caption":"<p>Display up to six features with an option to toggle images on or off, and add unique calls to action.<\/p>","button_text":"","button_link":"","image":"shopify:\/\/shop_images\/sheeps-wool-texture.jpg"}}},"block_order":["1661978782cd746030-0","1661978782cd746030-1","1661978782cd746030-2"],"settings":{"style":"default-style","title":"Benefits of wool:","max_image_width":100}},"1661979137807778f2":{"type":"home-image-with-text","settings":{"style":"default-style","title":"Benefits of Wool","caption":"<p>Here we will explain why wool is so wonderful<\/p>","button_text":"","button_link":"","image":"shopify:\/\/shop_images\/fenced-in-sheep.jpg","media_layout":"regular"}},"1661979300ef733f9a":{"type":"home-image-with-text-overlay","settings":{"image":"shopify:\/\/shop_images\/fenced-in-sheep.jpg","image_height_desktop":"original","image_height_mobile":"original","title":"benefits of wool","caption":"","overlay_opacity":35,"overlay_color":"#000000","overlay_text_color":"#ffffff","button_text":"","button_link":""}}},"order":["main","16619782192136ac47","16619793918a30b3ae","1661978782bd87d247","1661979137807778f2","1661979300ef733f9a"]}