{"sections":{"main":{"type":"template-page","settings":{}},"1661978782bd87d247":{"type":"home-text-columns-with-images","blocks":{"1661978782cd746030-0":{"type":"text_column","settings":{"title":"Natural","caption":"<p>Wool is a natural product that is shorn annually. It is naturally anti-microbial, wicks moisture, and regulates temperature - keeping you warm in winter and cool in summer. <\/p>","button_text":"","button_link":"","image":"shopify:\/\/shop_images\/lamb.jpg"}},"1661978782cd746030-1":{"type":"text_column","settings":{"title":"Biodegradable","caption":"<p>Wool is organic and completely biodegradable, making it an excellent  material for sustainability.<\/p>","button_text":"","button_link":"","image":"shopify:\/\/shop_images\/lamb_and_mama.png"}},"1661978782cd746030-2":{"type":"text_column","settings":{"title":"Cleansing","caption":"<p>Wool purifies the air by removing volatile organic compounds (VOCs) such as formaldehyde in the atmosphere. <\/p>","button_text":"","button_link":"","image":"shopify:\/\/shop_images\/wool_clean_copy_f463aa8f-64ae-4f93-a20d-e443da6a870e.jpg"}}},"block_order":["1661978782cd746030-0","1661978782cd746030-1","1661978782cd746030-2"],"settings":{"style":"default-style","title":"BENEFITS OF WOOL","max_image_width":100}}},"order":["main","1661978782bd87d247"]}