{"sections":{"main":{"type":"template-page","settings":{}},"166205540483c1ce45":{"type":"home-text-columns-with-images","blocks":{"1662055404c4930485-0":{"type":"text_column","settings":{"title":"High Quality","caption":"<p>Our long-staple organic cotton has been cultivated since antiquity. It is tightly woven, incredibly durable, and is free from genetic modification and the use of pesticides.<\/p>","button_text":"","button_link":"","image":"shopify:\/\/shop_images\/cotton_copy123.jpg"}},"1662055404c4930485-1":{"type":"text_column","settings":{"title":"Better for Skin","caption":"<p>Skin wasn't meant to be in contact with harsh chemicals. True organically grown cotton is free from the carcinogenic chemicals sprayed on and embedded in conventionally grown cotton.<\/p>","button_text":"","button_link":"","image":"shopify:\/\/shop_images\/cozy-light-pink-bed-scene.jpg"}},"1662055404c4930485-2":{"type":"text_column","settings":{"title":"Environmentally Friendly","caption":"<p>Unlike polyester fabrics, cotton does not shed microplastics. By using organic cotton we are also contributing to much healthier soil. It takes nearly a third of a pound of chemical fertilizers to produce just one cotton shirt! <\/p>","button_text":"","button_link":"","image":"shopify:\/\/shop_images\/cotton.jpg"}}},"block_order":["1662055404c4930485-0","1662055404c4930485-1","1662055404c4930485-2"],"settings":{"style":"default-style","title":"Benefits of Organic Cotton:","max_image_width":100}}},"order":["main","166205540483c1ce45"]}