{"sections":{"main":{"type":"module-product","blocks":{"title":{"type":"title","settings":{"position":"top"}},"d267f525-7746-48df-b376-c2855a4f10f9":{"type":"shopify:\/\/apps\/yotpo-product-photo-reviews\/blocks\/star-rating\/eb7dfd7d-db44-4334-bc49-c893b51b36cf","settings":{"product":"{{product}}"}},"price":{"type":"price","settings":{"position":"top"}},"gallery":{"type":"gallery","settings":{"position":"top"}},"form":{"type":"form","settings":{"position":"top"}},"34a306e0-edbf-4083-b29e-f7b77c8e8ae7":{"type":"additional_info","settings":{"info_text":"Free Shipping to US Customers!","info_url":"","info_icon":"free-shipping","position":"right"}},"df8b9631-4660-4a26-ba9a-c1aa1017d826":{"type":"html","settings":{"custom_text_html_head":"{{ product.metafields.custom.why_love_this_heading.value }}","custom_html":"{{ product.metafields.custom.why_love_this | metafield_tag }}"}},"description":{"type":"description","settings":{"position":"top"}},"b094f722-84b4-4ac1-be50-0728b9491d8a":{"type":"richtext","settings":{"custom_text_head":"{{ product.metafields.custom.product_wash_care_heading.value }}","custom_text":"{{ product.metafields.custom.product_wash_care | metafield_tag }}"}}},"block_order":["title","d267f525-7746-48df-b376-c2855a4f10f9","price","gallery","form","34a306e0-edbf-4083-b29e-f7b77c8e8ae7","df8b9631-4660-4a26-ba9a-c1aa1017d826","description","b094f722-84b4-4ac1-be50-0728b9491d8a"],"settings":{"enable_zoom":true,"gallery_enable_video_autoplay":true,"gallery_enable_video_looping":true}},"1671383749d47efd85":{"type":"apps","blocks":{"1adc9803-8c2b-4ef6-8c42-ba78d66aaaa0":{"type":"shopify:\/\/apps\/yotpo-product-photo-reviews\/blocks\/reviews\/eb7dfd7d-db44-4334-bc49-c893b51b36cf","settings":{"product":"{{product}}"}}},"block_order":["1adc9803-8c2b-4ef6-8c42-ba78d66aaaa0"],"settings":{}},"product-recommendations":{"type":"static-product-recommendations","settings":{"show_product_recommendations":false,"product_recommendations_heading":"You may also like","product_limit":2}},"product-reviews":{"type":"static-product-reviews","disabled":true,"settings":{}}},"order":["main","1671383749d47efd85","product-recommendations","product-reviews"]}