{"current":{"age_gate_site_wide_min_age":3,"background-color":"{{ shop.brand.colors.primary[0].background }}","body-text-color":"#000000","heading-color":"#000000","accent-color":"{{ shop.brand.colors.primary[0].foreground }}","border-color":"{{ shop.brand.colors.primary[0].foreground }}","primary-button-color":"#060400","header-background-color":"#ffffff","header-link-color":"#000000","header-dropdown-color":"{{ shop.brand.colors.primary[0].background }}","header-logo-color":"#000000","transparent-link-color":"{{ shop.brand.colors.primary[0].foreground }}","form-select-color":"{{ shop.brand.colors.primary[0].foreground }}","form-select-border-color":"#000000","footer-background-color":"{{ shop.brand.colors.primary[0].foreground }}","footer-header-color":"{{ shop.brand.colors.primary[0].foreground }}","footer-accent-color":"{{ shop.brand.colors.primary[0].foreground }}","font_body":"serif","font_logo":"americana_n4","font_logo_capitalize":false,"font_heading":"americana_n4","font_heading_capitalize":true,"font_section_heading_bold":false,"font_section_heading_capitalize":true,"font_meta_bold":true,"font_meta_capitalize":true,"font_button":"americana_n4","font_button_capitalize":true,"breadcrumbs_enable":false,"linked_options":true,"product_show_vendor":false,"product_stock_overlay":false,"product_stock_overlay_show":5,"product_ratings_reviews":false,"product_ratings_star_display":"prod-page","social_facebook_url":"","social_instagram_url":"https:\/\/instagram.com\/thewoolshire","social_twitter_url":"https:\/\/twitter.com\/thewoolshire","favicon":"shopify:\/\/shop_images\/icon.jpg","checkout_logo_image":"shopify:\/\/shop_images\/The-Woolshire-Northwest-Wool-_Logo_Final_PNG.png","checkout_logo_position":"center","checkout_logo_size":"medium","checkout_input_background_color_mode":"white","checkout_sidebar_background_color":"#000000","checkout_accent_color":"#0a0700","checkout_button_color":"#000000","checkout_error_color":"#033149","header-show-breadcrumbs":false,"contrast-background-color":"#FAF7F6","error-color":"#B84949","meta-color":"#b7aba3","sections":{"general-footer":{"type":"general-footer","settings":{"show_menu_heading":true,"menu_1":"shop","menu_2":"footer","show_social_buttons":true,"social_heading":"","footer_logo":"shopify:\/\/shop_images\/woolshire_logo.svg","footer_bg":"shopify:\/\/shop_images\/footer_img-min.png","footer_badge":"shopify:\/\/shop_images\/g10.png","show_share_buttons":false,"sharing_heading":"","sharing_description":"","enable_twitter":true,"enable_facebook":true,"enable_pinterest":true,"enable_fancy":true,"show_payment_icons":true,"show_locale_selector":false,"show_currency_selector":false}},"general-header":{"type":"general-header","blocks":{"777aaae7-86cd-42df-980b-6eff31710319":{"type":"meganav","settings":{"title":"Mega navigation"}}},"block_order":["777aaae7-86cd-42df-980b-6eff31710319"],"settings":{"header_sticky":false,"show_cart":true,"show_search":false,"header_logo":"shopify:\/\/shop_images\/woolshire_logo.svg","logo_width":240,"logo_width_mobile":150,"menu":"main-menu","menu_style":"header","transparent":false}},"general-announcement-bar":{"type":"general-announcement-bar","custom_css":[".header-promotion-bar.accent-style {background: #fffaeb;}"],"settings":{"show_promotion":true,"promotion_home_only":false,"promotion_style":"accent-style","promotion_text":"FREE SHIPPING WITHIN THE USA | <a class=\"anounce-link\" href=\"\/pages\/wool-manufacturing-process\">Read about our manufacturing process here.<\/a><i class=\"niddle-icon\"><\/i>","promotion_url":""}}},"content_for_index":[],"blocks":{"7570552984445421165":{"type":"shopify:\/\/apps\/yotpo-product-photo-reviews\/blocks\/settings\/eb7dfd7d-db44-4334-bc49-c893b51b36cf","disabled":false,"settings":{}}}},"presets":{"Tech":{"background-color":"#f9f9f9","body-text-color":"#292929","heading-color":"#292929","accent-color":"#e1501b","border-color":"#ededed","primary-button-color":"#ffffff","header-link-color":"#292929","header-dropdown-color":"#ffffff","header-logo-color":"#292929","form-select-color":"#292929","form-select-border-color":"#dedede","footer-background-color":"#1c685a","footer-header-color":"#ffffff","footer-accent-color":"#ffffff","body_background_image":"","contrast_background_image":"","footer_background_image":"","font_body":"open_sans_n4","font_logo":"open_sans_n6","font_logo_capitalize":false,"font_heading":"cooper_bt_n5","font_heading_capitalize":false,"font_section_heading_bold":false,"font_section_heading_capitalize":false,"font_meta_bold":false,"font_meta_capitalize":false,"font_button":"slate_n7","font_button_capitalize":true,"breadcrumbs_enable":false,"product_show_vendor":false,"product_stock_overlay":false,"product_stock_overlay_show":10,"product_ratings_star_display":"prod-page","header-show-breadcrumbs":false,"contrast-background-color":"#FAF7F6","error-color":"#B84949","meta-color":"#b7aba3","enable_cart_redirection":true,"show_payment_button":true,"linked_options":false,"sections":{"general-footer":{"type":"general-footer","settings":{"show_menu_heading":true,"show_social_buttons":true,"show_share_buttons":false,"enable_twitter":false,"enable_facebook":false,"enable_pinterest":false,"enable_fancy":false,"show_payment_icons":false,"show_locale_selector":true,"show_currency_selector":true}},"general-header":{"type":"general-header","settings":{"header_sticky":true,"show_cart":true,"show_search":true,"logo_width":300,"logo_width_mobile":130,"menu_style":"drawer","transparent":false}},"general-announcement-bar":{"type":"general-announcement-bar","settings":{"show_promotion":true,"promotion_home_only":false}}}},"Travel":{"background-color":"#ffffff","body-text-color":"#262626","heading-color":"#111111","accent-color":"#121212","border-color":"#262626","primary-button-color":"#ffffff","header-background-color":"#ffffff","header-link-color":"#262626","header-dropdown-color":"#f5f5f5","header-logo-color":"#000000","form-select-color":"#262626","form-select-border-color":"#262626","footer-background-color":"#f5f5f5","footer-header-color":"#262626","footer-accent-color":"#262626","body_background_image":"","contrast_background_image":"","footer_background_image":"","font_body":"zurich_n3","font_logo":"zurich_n4","font_logo_capitalize":false,"font_heading":"georgia_pro_n4","font_heading_capitalize":false,"font_section_heading_bold":false,"font_section_heading_capitalize":false,"font_meta_bold":false,"font_meta_capitalize":false,"font_button":"zurich_n4","font_button_capitalize":true,"breadcrumbs_enable":false,"product_show_vendor":false,"product_stock_overlay":true,"product_stock_overlay_show":5,"checkout_logo_position":"left","checkout_logo_size":"medium","checkout_body_background_image":"","checkout_body_background_color":"#fff","checkout_input_background_color_mode":"white","checkout_sidebar_background_image":"","checkout_sidebar_background_color":"#fafafa","checkout_heading_font":"-apple-system, BlinkMacSystemFont, 'Segoe UI', Roboto, Helvetica, Arial, sans-serif, 'Apple Color Emoji', 'Segoe UI Emoji', 'Segoe UI Symbol'","checkout_body_font":"-apple-system, BlinkMacSystemFont, 'Segoe UI', Roboto, Helvetica, Arial, sans-serif, 'Apple Color Emoji', 'Segoe UI Emoji', 'Segoe UI Symbol'","checkout_accent_color":"#197bbd","checkout_button_color":"#197bbd","checkout_error_color":"#e32c2b","form-select-background":"#faf9f6","social_default_image":"","enable_currency_converter":false,"currency_display_format":"money_with_currency_format","currency_converter_currencies":"INR GBP CAD USD AUD EUR JPY","currency_converter_default":"USD","header-show-breadcrumbs":false,"contrast-background-color":"#FAF7F6","error-color":"#B84949","meta-color":"#b7aba3","sections":{"general-footer":{"type":"general-footer","settings":{"show_menu_heading":false,"show_social_buttons":true,"show_share_buttons":true,"enable_twitter":false,"enable_facebook":false,"enable_pinterest":false,"enable_fancy":false,"show_payment_icons":false,"show_locale_selector":false,"show_currency_selector":false}},"general-header":{"type":"general-header","blocks":{"eedf0f40-7067-4301-af8c-681f3e878af9":{"type":"meganav","settings":{"title":"Mega navigation"}}},"block_order":["eedf0f40-7067-4301-af8c-681f3e878af9"],"settings":{"header_sticky":false,"show_cart":true,"show_search":true,"logo_width":300,"logo_width_mobile":105,"menu_style":"below-header","transparent":false}},"general-announcement-bar":{"type":"general-announcement-bar","settings":{"show_promotion":true,"promotion_home_only":false,"promotion_style":"accent-style"}}}},"Cloth":{"background-color":"#ffffff","body-text-color":"#3d3638","heading-color":"#3d3638","accent-color":"#8d6464","border-color":"#eae0e0","primary-button-color":"#ffffff","header-background-color":"#f1efe5","header-link-color":"#3d3638","header-dropdown-color":"#f1efe5","header-logo-color":"#3d3638","transparent-link-color":"#3d3638","form-select-color":"#3d3638","form-select-border-color":"#3d3638","footer-background-color":"#3d3638","footer-header-color":"#f1efe5","footer-accent-color":"#f1efe5","body_background_image":"","contrast_background_image":"","footer_background_image":"","font_body":"quattrocento_n4","font_logo":"muli_n4","font_logo_capitalize":false,"font_heading":"muli_n2","font_heading_capitalize":false,"font_section_heading_bold":false,"font_section_heading_capitalize":false,"font_meta_bold":true,"font_meta_capitalize":false,"font_button":"muli_n7","font_button_capitalize":false,"breadcrumbs_enable":false,"product_show_vendor":false,"product_stock_overlay":false,"product_stock_overlay_show":5,"social_facebook_url":"#","social_twitter_url":"#","social_pinterest_url":"#","social_instagram_url":"#","checkout_logo_size":"small","checkout_input_background_color_mode":"white","checkout_accent_color":"#8d6464","checkout_button_color":"#8d6464","checkout_error_color":"#bf1010","header-show-breadcrumbs":false,"contrast-background-color":"#FAF7F6","error-color":"#B84949","meta-color":"#b7aba3","sections":{"general-footer":{"type":"general-footer","settings":{"show_menu_heading":false,"show_social_buttons":true,"show_share_buttons":true,"enable_twitter":false,"enable_facebook":false,"enable_pinterest":false,"enable_fancy":false,"show_payment_icons":false,"show_locale_selector":true,"show_currency_selector":true}},"general-header":{"type":"general-header","settings":{"header_sticky":true,"show_cart":true,"show_search":true,"logo_width":300,"logo_width_mobile":80,"menu_style":"drawer","transparent":false}},"general-announcement-bar":{"type":"general-announcement-bar","settings":{"show_promotion":true,"promotion_home_only":true,"promotion_style":"standard-style"}}}},"Home":{"background-color":"#ffffff","body-text-color":"#033149","heading-color":"#033149","accent-color":"#033149","border-color":"#f0eff2","primary-button-color":"#ffffff","header-link-color":"#033149","header-dropdown-color":"#ffffff","header-logo-color":"#033149","form-select-color":"#033149","form-select-border-color":"#f0eff2","footer-background-color":"#f7bd18","footer-header-color":"#033149","footer-accent-color":"#033149","body_background_image":"","contrast_background_image":"","footer_background_image":"","font_body":"poppins_n4","font_logo":"poppins_n4","font_logo_capitalize":true,"font_heading":"poppins_n8","font_heading_capitalize":true,"font_section_heading_bold":false,"font_section_heading_capitalize":true,"font_meta_bold":true,"font_meta_capitalize":true,"font_button":"poppins_n7","font_button_capitalize":true,"breadcrumbs_enable":false,"product_show_vendor":false,"product_stock_overlay":false,"product_stock_overlay_show":5,"product_ratings_star_display":"prod-page","checkout_logo_position":"center","checkout_logo_size":"medium","checkout_sidebar_background_color":"#033149","checkout_accent_color":"#f7bd18","checkout_button_color":"#f7bd18","checkout_error_color":"#033149","header-show-breadcrumbs":false,"contrast-background-color":"#FAF7F6","error-color":"#B84949","meta-color":"#b7aba3","sections":{"general-footer":{"type":"general-footer","settings":{"show_menu_heading":true,"show_social_buttons":false,"show_share_buttons":true,"enable_twitter":true,"enable_facebook":true,"enable_pinterest":true,"enable_fancy":true,"show_payment_icons":true,"show_locale_selector":true,"show_currency_selector":true}},"general-header":{"type":"general-header","settings":{"header_sticky":false,"show_cart":true,"show_search":true,"logo_width":300,"logo_width_mobile":100,"menu_style":"header","transparent":true}},"general-announcement-bar":{"type":"general-announcement-bar","settings":{"show_promotion":false,"promotion_home_only":false,"promotion_style":"accent-style"}}}}}}